,WeekStarting,dom_qty,mm_qty,trp_qty,dom_ad,mm_ad,trp_ad,dom_price,mm_price,trp_price,dom_rev,mm_rev,trp_rev,dom_qty_lag_1,dom_qty_lag_2,dom_qty_lag_3,mm_qty_lag_1,mm_qty_lag_2,mm_qty_lag_3,trp_qty_lag_1,trp_qty_lag_2,trp_qty_lag_3,dom_price_lag_1,dom_price_lag_2,dom_price_lag_3,mm_price_lag_1,mm_price_lag_2,mm_price_lag_3,trp_price_lag_1,trp_price_lag_2,trp_price_lag_3,dom_rev_lag_1,dom_rev_lag_2,dom_rev_lag_3,mm_rev_lag_1,mm_rev_lag_2,mm_rev_lag_3,trp_rev_lag_1,trp_rev_lag_2,trp_rev_lag_3
0,1990-06-14,18800,11269,11269,1,1,1,2.62,2.51,2.51,49256.0,28285.19,28285.19,,,,,,,,,,,,,,,,,,,,,,,,,,,
1,1990-06-21,19493,10512,10512,1,1,1,2.49,1.91,1.91,48537.57000000001,20077.92,20077.92,18800.0,,,11269.0,,,11269.0,,,2.62,,,2.51,,,2.51,,,49256.0,,,28285.19,,,28285.19,,
2,1990-06-28,13994,14028,14028,1,1,1,2.06,2.55,2.55,28827.64,35771.399999999994,35771.399999999994,19493.0,18800.0,,10512.0,11269.0,,10512.0,11269.0,,2.49,2.62,,1.91,2.51,,1.91,2.51,,48537.57000000001,49256.0,,20077.92,28285.19,,20077.92,28285.19,
3,1990-07-05,19658,10129,10129,1,1,1,2.57,2.11,2.11,50521.06,21372.19,21372.19,13994.0,19493.0,18800.0,14028.0,10512.0,11269.0,14028.0,10512.0,11269.0,2.06,2.49,2.62,2.55,1.91,2.51,2.55,1.91,2.51,28827.64,48537.57000000001,49256.0,35771.399999999994,20077.92,28285.19,35771.399999999994,20077.92,28285.19
4,1990-07-12,19767,17728,17728,1,1,1,2.08,1.94,1.94,41115.36,34392.32,34392.32,19658.0,13994.0,19493.0,10129.0,14028.0,10512.0,10129.0,14028.0,10512.0,2.57,2.06,2.49,2.11,2.55,1.91,2.11,2.55,1.91,50521.06,28827.64,48537.57000000001,21372.19,35771.399999999994,20077.92,21372.19,35771.399999999994,20077.92
5,1990-07-19,19466,11239,11239,1,1,1,2.41,2.52,2.52,46913.060000000005,28322.28,28322.28,19767.0,19658.0,13994.0,17728.0,10129.0,14028.0,17728.0,10129.0,14028.0,2.08,2.57,2.06,1.94,2.11,2.55,1.94,2.11,2.55,41115.36,50521.06,28827.64,34392.32,21372.19,35771.399999999994,34392.32,21372.19,35771.399999999994
6,1990-07-26,15906,9067,9067,1,1,1,2.03,2.36,2.36,32289.18,21398.12,21398.12,19466.0,19767.0,19658.0,11239.0,17728.0,10129.0,11239.0,17728.0,10129.0,2.41,2.08,2.57,2.52,1.94,2.11,2.52,1.94,2.11,46913.060000000005,41115.36,50521.06,28322.28,34392.32,21372.19,28322.28,34392.32,21372.19
7,1990-08-02,15934,12632,12632,1,1,1,2.27,2.36,2.36,36170.18,29811.52,29811.52,15906.0,19466.0,19767.0,9067.0,11239.0,17728.0,9067.0,11239.0,17728.0,2.03,2.41,2.08,2.36,2.52,1.94,2.36,2.52,1.94,32289.18,46913.060000000005,41115.36,21398.12,28322.28,34392.32,21398.12,28322.28,34392.32
8,1990-08-09,9829,15710,15710,1,1,1,2.11,2.27,2.27,20739.19,35661.7,35661.7,15934.0,15906.0,19466.0,12632.0,9067.0,11239.0,12632.0,9067.0,11239.0,2.27,2.03,2.41,2.36,2.36,2.52,2.36,2.36,2.52,36170.18,32289.18,46913.060000000005,29811.52,21398.12,28322.28,29811.52,21398.12,28322.28
9,1990-08-16,19315,14822,14822,1,1,1,2.66,2.43,2.43,51377.9,36017.46,36017.46,9829.0,15934.0,15906.0,15710.0,12632.0,9067.0,15710.0,12632.0,9067.0,2.11,2.27,2.03,2.27,2.36,2.36,2.27,2.36,2.36,20739.19,36170.18,32289.18,35661.7,29811.52,21398.12,35661.7,29811.52,21398.12
10,1990-08-23,16144,12181,12181,1,1,1,2.57,2.5,2.5,41490.08,30452.5,30452.5,19315.0,9829.0,15934.0,14822.0,15710.0,12632.0,14822.0,15710.0,12632.0,2.66,2.11,2.27,2.43,2.27,2.36,2.43,2.27,2.36,51377.9,20739.19,36170.18,36017.46,35661.7,29811.52,36017.46,35661.7,29811.52
11,1990-08-30,11456,15374,15374,1,1,1,2.37,2.36,2.36,27150.72,36282.64,36282.64,16144.0,19315.0,9829.0,12181.0,14822.0,15710.0,12181.0,14822.0,15710.0,2.57,2.66,2.11,2.5,2.43,2.27,2.5,2.43,2.27,41490.08,51377.9,20739.19,30452.5,36017.46,35661.7,30452.5,36017.46,35661.7
12,1990-09-06,12137,10024,10024,1,1,1,1.9,2.03,2.03,23060.3,20348.72,20348.72,11456.0,16144.0,19315.0,15374.0,12181.0,14822.0,15374.0,12181.0,14822.0,2.37,2.57,2.66,2.36,2.5,2.43,2.36,2.5,2.43,27150.72,41490.08,51377.9,36282.64,30452.5,36017.46,36282.64,30452.5,36017.46
13,1990-09-13,13024,9643,9643,1,1,1,1.95,2.39,2.39,25396.8,23046.77,23046.77,12137.0,11456.0,16144.0,10024.0,15374.0,12181.0,10024.0,15374.0,12181.0,1.9,2.37,2.57,2.03,2.36,2.5,2.03,2.36,2.5,23060.3,27150.72,41490.08,20348.72,36282.64,30452.5,20348.72,36282.64,30452.5
14,1990-09-20,12081,18342,18342,1,1,1,2.25,2.06,2.06,27182.25,37784.52,37784.52,13024.0,12137.0,11456.0,9643.0,10024.0,15374.0,9643.0,10024.0,15374.0,1.95,1.9,2.37,2.39,2.03,2.36,2.39,2.03,2.36,25396.8,23060.3,27150.72,23046.77,20348.72,36282.64,23046.77,20348.72,36282.64
15,1990-09-27,10651,15607,15607,1,1,1,1.98,2.69,2.69,21088.98,41982.83,41982.83,12081.0,13024.0,12137.0,18342.0,9643.0,10024.0,18342.0,9643.0,10024.0,2.25,1.95,1.9,2.06,2.39,2.03,2.06,2.39,2.03,27182.25,25396.8,23060.3,37784.52,23046.77,20348.72,37784.52,23046.77,20348.72
16,1990-10-04,13747,17223,17223,1,1,1,2.21,2.37,2.37,30380.87,40818.51,40818.51,10651.0,12081.0,13024.0,15607.0,18342.0,9643.0,15607.0,18342.0,9643.0,1.98,2.25,1.95,2.69,2.06,2.39,2.69,2.06,2.39,21088.98,27182.25,25396.8,41982.83,37784.52,23046.77,41982.83,37784.52,23046.77
17,1990-10-11,11478,12183,12183,1,1,1,2.63,2.61,2.61,30187.14,31797.63,31797.63,13747.0,10651.0,12081.0,17223.0,15607.0,18342.0,17223.0,15607.0,18342.0,2.21,1.98,2.25,2.37,2.69,2.06,2.37,2.69,2.06,30380.87,21088.98,27182.25,40818.51,41982.83,37784.52,40818.51,41982.83,37784.52
18,1990-10-18,19467,18748,18748,1,1,1,2.03,2.19,2.19,39518.01,41058.12,41058.12,11478.0,13747.0,10651.0,12183.0,17223.0,15607.0,12183.0,17223.0,15607.0,2.63,2.21,1.98,2.61,2.37,2.69,2.61,2.37,2.69,30187.14,30380.87,21088.98,31797.63,40818.51,41982.83,31797.63,40818.51,41982.83
19,1990-10-25,19041,9535,9535,1,1,1,2.34,2.27,2.27,44555.94,21644.45,21644.45,19467.0,11478.0,13747.0,18748.0,12183.0,17223.0,18748.0,12183.0,17223.0,2.03,2.63,2.21,2.19,2.61,2.37,2.19,2.61,2.37,39518.01,30187.14,30380.87,41058.12,31797.63,40818.51,41058.12,31797.63,40818.51
20,1990-11-01,16587,13092,13092,1,1,1,2.0,1.99,1.99,33174.0,26053.08,26053.08,19041.0,19467.0,11478.0,9535.0,18748.0,12183.0,9535.0,18748.0,12183.0,2.34,2.03,2.63,2.27,2.19,2.61,2.27,2.19,2.61,44555.94,39518.01,30187.14,21644.45,41058.12,31797.63,21644.45,41058.12,31797.63
21,1990-11-08,11246,18879,18879,1,1,1,2.18,2.18,2.18,24516.28,41156.22,41156.22,16587.0,19041.0,19467.0,13092.0,9535.0,18748.0,13092.0,9535.0,18748.0,2.0,2.34,2.03,1.99,2.27,2.19,1.99,2.27,2.19,33174.0,44555.94,39518.01,26053.08,21644.45,41058.12,26053.08,21644.45,41058.12
22,1990-11-15,15279,9168,9168,1,1,1,2.57,2.14,2.14,39267.03,19619.52,19619.52,11246.0,16587.0,19041.0,18879.0,13092.0,9535.0,18879.0,13092.0,9535.0,2.18,2.0,2.34,2.18,1.99,2.27,2.18,1.99,2.27,24516.28,33174.0,44555.94,41156.22,26053.08,21644.45,41156.22,26053.08,21644.45
23,1990-11-22,16591,13394,13394,1,1,1,2.47,2.48,2.48,40979.77,33217.12,33217.12,15279.0,11246.0,16587.0,9168.0,18879.0,13092.0,9168.0,18879.0,13092.0,2.57,2.18,2.0,2.14,2.18,1.99,2.14,2.18,1.99,39267.03,24516.28,33174.0,19619.52,41156.22,26053.08,19619.52,41156.22,26053.08
24,1990-11-29,12648,18180,18180,1,1,1,2.47,2.52,2.52,31240.56,45813.6,45813.6,16591.0,15279.0,11246.0,13394.0,9168.0,18879.0,13394.0,9168.0,18879.0,2.47,2.57,2.18,2.48,2.14,2.18,2.48,2.14,2.18,40979.77,39267.03,24516.28,33217.12,19619.52,41156.22,33217.12,19619.52,41156.22
25,1990-12-06,10277,13033,13033,1,1,1,1.96,2.16,2.16,20142.92,28151.28,28151.28,12648.0,16591.0,15279.0,18180.0,13394.0,9168.0,18180.0,13394.0,9168.0,2.47,2.47,2.57,2.52,2.48,2.14,2.52,2.48,2.14,31240.56,40979.77,39267.03,45813.6,33217.12,19619.52,45813.6,33217.12,19619.52
26,1990-12-13,10554,10083,10083,1,1,1,2.6,1.96,1.96,27440.4,19762.68,19762.68,10277.0,12648.0,16591.0,13033.0,18180.0,13394.0,13033.0,18180.0,13394.0,1.96,2.47,2.47,2.16,2.52,2.48,2.16,2.52,2.48,20142.92,31240.56,40979.77,28151.28,45813.6,33217.12,28151.28,45813.6,33217.12
27,1990-12-20,9155,13893,13893,1,1,1,2.36,2.06,2.06,21605.8,28619.58,28619.58,10554.0,10277.0,12648.0,10083.0,13033.0,18180.0,10083.0,13033.0,18180.0,2.6,1.96,2.47,1.96,2.16,2.52,1.96,2.16,2.52,27440.4,20142.92,31240.56,19762.68,28151.28,45813.6,19762.68,28151.28,45813.6
28,1990-12-27,15497,11181,11181,1,1,1,2.31,2.62,2.62,35798.07,29294.22,29294.22,9155.0,10554.0,10277.0,13893.0,10083.0,13033.0,13893.0,10083.0,13033.0,2.36,2.6,1.96,2.06,1.96,2.16,2.06,1.96,2.16,21605.8,27440.4,20142.92,28619.58,19762.68,28151.28,28619.58,19762.68,28151.28
29,1991-01-03,18074,13879,13879,1,1,1,2.68,2.52,2.52,48438.32,34975.08,34975.08,15497.0,9155.0,10554.0,11181.0,13893.0,10083.0,11181.0,13893.0,10083.0,2.31,2.36,2.6,2.62,2.06,1.96,2.62,2.06,1.96,35798.07,21605.8,27440.4,29294.22,28619.58,19762.68,29294.22,28619.58,19762.68
30,1991-01-10,14604,13670,13670,1,1,1,2.25,2.4,2.4,32859.0,32808.0,32808.0,18074.0,15497.0,9155.0,13879.0,11181.0,13893.0,13879.0,11181.0,13893.0,2.68,2.31,2.36,2.52,2.62,2.06,2.52,2.62,2.06,48438.32,35798.07,21605.8,34975.08,29294.22,28619.58,34975.08,29294.22,28619.58
31,1991-01-17,11833,18638,18638,1,1,1,2.29,1.96,1.96,27097.57,36530.48,36530.48,14604.0,18074.0,15497.0,13670.0,13879.0,11181.0,13670.0,13879.0,11181.0,2.25,2.68,2.31,2.4,2.52,2.62,2.4,2.52,2.62,32859.0,48438.32,35798.07,32808.0,34975.08,29294.22,32808.0,34975.08,29294.22
32,1991-01-24,12910,18406,18406,1,1,1,2.61,1.99,1.99,33695.1,36627.94,36627.94,11833.0,14604.0,18074.0,18638.0,13670.0,13879.0,18638.0,13670.0,13879.0,2.29,2.25,2.68,1.96,2.4,2.52,1.96,2.4,2.52,27097.57,32859.0,48438.32,36530.48,32808.0,34975.08,36530.48,32808.0,34975.08
33,1991-01-31,16341,18910,18910,1,1,1,2.09,1.96,1.96,34152.689999999995,37063.6,37063.6,12910.0,11833.0,14604.0,18406.0,18638.0,13670.0,18406.0,18638.0,13670.0,2.61,2.29,2.25,1.99,1.96,2.4,1.99,1.96,2.4,33695.1,27097.57,32859.0,36627.94,36530.48,32808.0,36627.94,36530.48,32808.0
34,1991-02-07,17876,18024,18024,1,1,1,2.21,2.19,2.19,39505.96,39472.56,39472.56,16341.0,12910.0,11833.0,18910.0,18406.0,18638.0,18910.0,18406.0,18638.0,2.09,2.61,2.29,1.96,1.99,1.96,1.96,1.99,1.96,34152.689999999995,33695.1,27097.57,37063.6,36627.94,36530.48,37063.6,36627.94,36530.48
35,1991-02-14,19109,10222,10222,1,1,1,2.57,2.31,2.31,49110.13,23612.82,23612.82,17876.0,16341.0,12910.0,18024.0,18910.0,18406.0,18024.0,18910.0,18406.0,2.21,2.09,2.61,2.19,1.96,1.99,2.19,1.96,1.99,39505.96,34152.689999999995,33695.1,39472.56,37063.6,36627.94,39472.56,37063.6,36627.94
36,1991-02-21,14804,10002,10002,1,1,1,2.06,2.23,2.23,30496.24,22304.46,22304.46,19109.0,17876.0,16341.0,10222.0,18024.0,18910.0,10222.0,18024.0,18910.0,2.57,2.21,2.09,2.31,2.19,1.96,2.31,2.19,1.96,49110.13,39505.96,34152.689999999995,23612.82,39472.56,37063.6,23612.82,39472.56,37063.6
37,1991-02-28,14475,12969,12969,1,1,1,2.07,2.18,2.18,29963.25,28272.42,28272.42,14804.0,19109.0,17876.0,10002.0,10222.0,18024.0,10002.0,10222.0,18024.0,2.06,2.57,2.21,2.23,2.31,2.19,2.23,2.31,2.19,30496.24,49110.13,39505.96,22304.46,23612.82,39472.56,22304.46,23612.82,39472.56
38,1991-03-07,9244,12511,12511,1,1,1,2.34,2.38,2.38,21630.96,29776.18,29776.18,14475.0,14804.0,19109.0,12969.0,10002.0,10222.0,12969.0,10002.0,10222.0,2.07,2.06,2.57,2.18,2.23,2.31,2.18,2.23,2.31,29963.25,30496.24,49110.13,28272.42,22304.46,23612.82,28272.42,22304.46,23612.82
39,1991-03-14,14700,15930,15930,1,1,1,2.19,2.34,2.34,32193.0,37276.2,37276.2,9244.0,14475.0,14804.0,12511.0,12969.0,10002.0,12511.0,12969.0,10002.0,2.34,2.07,2.06,2.38,2.18,2.23,2.38,2.18,2.23,21630.96,29963.25,30496.24,29776.18,28272.42,22304.46,29776.18,28272.42,22304.46
40,1991-03-21,18612,12880,12880,1,1,1,2.66,2.5,2.5,49507.920000000006,32200.0,32200.0,14700.0,9244.0,14475.0,15930.0,12511.0,12969.0,15930.0,12511.0,12969.0,2.19,2.34,2.07,2.34,2.38,2.18,2.34,2.38,2.18,32193.0,21630.96,29963.25,37276.2,29776.18,28272.42,37276.2,29776.18,28272.42
41,1991-03-28,15060,19615,19615,1,1,1,2.64,2.49,2.49,39758.4,48841.350000000006,48841.350000000006,18612.0,14700.0,9244.0,12880.0,15930.0,12511.0,12880.0,15930.0,12511.0,2.66,2.19,2.34,2.5,2.34,2.38,2.5,2.34,2.38,49507.920000000006,32193.0,21630.96,32200.0,37276.2,29776.18,32200.0,37276.2,29776.18
42,1991-04-04,18886,9395,9395,1,1,1,2.05,2.67,2.67,38716.3,25084.65,25084.65,15060.0,18612.0,14700.0,19615.0,12880.0,15930.0,19615.0,12880.0,15930.0,2.64,2.66,2.19,2.49,2.5,2.34,2.49,2.5,2.34,39758.4,49507.920000000006,32193.0,48841.350000000006,32200.0,37276.2,48841.350000000006,32200.0,37276.2
43,1991-04-11,16759,18298,18298,1,1,1,2.47,1.98,1.98,41394.73,36230.04,36230.04,18886.0,15060.0,18612.0,9395.0,19615.0,12880.0,9395.0,19615.0,12880.0,2.05,2.64,2.66,2.67,2.49,2.5,2.67,2.49,2.5,38716.3,39758.4,49507.920000000006,25084.65,48841.350000000006,32200.0,25084.65,48841.350000000006,32200.0
44,1991-04-18,19407,11288,11288,1,1,1,2.2,2.69,2.69,42695.4,30364.72,30364.72,16759.0,18886.0,15060.0,18298.0,9395.0,19615.0,18298.0,9395.0,19615.0,2.47,2.05,2.64,1.98,2.67,2.49,1.98,2.67,2.49,41394.73,38716.3,39758.4,36230.04,25084.65,48841.350000000006,36230.04,25084.65,48841.350000000006
45,1991-04-25,19122,10572,10572,1,1,1,2.48,2.62,2.62,47422.56,27698.64,27698.64,19407.0,16759.0,18886.0,11288.0,18298.0,9395.0,11288.0,18298.0,9395.0,2.2,2.47,2.05,2.69,1.98,2.67,2.69,1.98,2.67,42695.4,41394.73,38716.3,30364.72,36230.04,25084.65,30364.72,36230.04,25084.65
46,1991-05-02,17212,19107,19107,1,1,1,1.97,2.18,2.18,33907.64,41653.26,41653.26,19122.0,19407.0,16759.0,10572.0,11288.0,18298.0,10572.0,11288.0,18298.0,2.48,2.2,2.47,2.62,2.69,1.98,2.62,2.69,1.98,47422.56,42695.4,41394.73,27698.64,30364.72,36230.04,27698.64,30364.72,36230.04
47,1991-05-09,14253,10024,10024,1,1,1,1.9,2.41,2.41,27080.7,24157.84,24157.84,17212.0,19122.0,19407.0,19107.0,10572.0,11288.0,19107.0,10572.0,11288.0,1.97,2.48,2.2,2.18,2.62,2.69,2.18,2.62,2.69,33907.64,47422.56,42695.4,41653.26,27698.64,30364.72,41653.26,27698.64,30364.72
48,1991-05-16,14311,19259,19259,1,1,1,2.37,2.16,2.16,33917.07,41599.44,41599.44,14253.0,17212.0,19122.0,10024.0,19107.0,10572.0,10024.0,19107.0,10572.0,1.9,1.97,2.48,2.41,2.18,2.62,2.41,2.18,2.62,27080.7,33907.64,47422.56,24157.84,41653.26,27698.64,24157.84,41653.26,27698.64
49,1991-05-23,10977,13656,13656,1,1,1,2.2,1.9,1.9,24149.4,25946.4,25946.4,14311.0,14253.0,17212.0,19259.0,10024.0,19107.0,19259.0,10024.0,19107.0,2.37,1.9,1.97,2.16,2.41,2.18,2.16,2.41,2.18,33917.07,27080.7,33907.64,41599.44,24157.84,41653.26,41599.44,24157.84,41653.26
50,1991-05-30,11569,19251,19251,1,1,1,2.41,2.17,2.17,27881.29,41774.67,41774.67,10977.0,14311.0,14253.0,13656.0,19259.0,10024.0,13656.0,19259.0,10024.0,2.2,2.37,1.9,1.9,2.16,2.41,1.9,2.16,2.41,24149.4,33917.07,27080.7,25946.4,41599.44,24157.84,25946.4,41599.44,24157.84
51,1991-06-06,9460,9164,9164,1,1,1,2.04,2.46,2.46,19298.4,22543.44,22543.44,11569.0,10977.0,14311.0,19251.0,13656.0,19259.0,19251.0,13656.0,19259.0,2.41,2.2,2.37,2.17,1.9,2.16,2.17,1.9,2.16,27881.29,24149.4,33917.07,41774.67,25946.4,41599.44,41774.67,25946.4,41599.44
52,1991-06-13,13878,11496,11496,1,1,1,2.33,2.59,2.59,32335.74,29774.64,29774.64,9460.0,11569.0,10977.0,9164.0,19251.0,13656.0,9164.0,19251.0,13656.0,2.04,2.41,2.2,2.46,2.17,1.9,2.46,2.17,1.9,19298.4,27881.29,24149.4,22543.44,41774.67,25946.4,22543.44,41774.67,25946.4
53,1991-06-20,9393,10791,10791,1,1,1,2.36,2.17,2.17,22167.48,23416.47,23416.47,13878.0,9460.0,11569.0,11496.0,9164.0,19251.0,11496.0,9164.0,19251.0,2.33,2.04,2.41,2.59,2.46,2.17,2.59,2.46,2.17,32335.74,19298.4,27881.29,29774.64,22543.44,41774.67,29774.64,22543.44,41774.67
54,1991-06-27,17529,14037,14037,1,1,1,2.37,1.94,1.94,41543.73,27231.78,27231.78,9393.0,13878.0,9460.0,10791.0,11496.0,9164.0,10791.0,11496.0,9164.0,2.36,2.33,2.04,2.17,2.59,2.46,2.17,2.59,2.46,22167.48,32335.74,19298.4,23416.47,29774.64,22543.44,23416.47,29774.64,22543.44
55,1991-07-04,12649,9846,9846,1,1,1,2.6,1.93,1.93,32887.4,19002.78,19002.78,17529.0,9393.0,13878.0,14037.0,10791.0,11496.0,14037.0,10791.0,11496.0,2.37,2.36,2.33,1.94,2.17,2.59,1.94,2.17,2.59,41543.73,22167.48,32335.74,27231.78,23416.47,29774.64,27231.78,23416.47,29774.64
56,1991-07-11,13163,16467,16467,1,1,1,2.3,2.21,2.21,30274.9,36392.07,36392.07,12649.0,17529.0,9393.0,9846.0,14037.0,10791.0,9846.0,14037.0,10791.0,2.6,2.37,2.36,1.93,1.94,2.17,1.93,1.94,2.17,32887.4,41543.73,22167.48,19002.78,27231.78,23416.47,19002.78,27231.78,23416.47
57,1991-07-18,12975,19894,19894,1,1,1,2.11,2.25,2.25,27377.25,44761.5,44761.5,13163.0,12649.0,17529.0,16467.0,9846.0,14037.0,16467.0,9846.0,14037.0,2.3,2.6,2.37,2.21,1.93,1.94,2.21,1.93,1.94,30274.9,32887.4,41543.73,36392.07,19002.78,27231.78,36392.07,19002.78,27231.78
58,1991-07-25,10270,11083,11083,1,1,1,2.11,1.98,1.98,21669.7,21944.34,21944.34,12975.0,13163.0,12649.0,19894.0,16467.0,9846.0,19894.0,16467.0,9846.0,2.11,2.3,2.6,2.25,2.21,1.93,2.25,2.21,1.93,27377.25,30274.9,32887.4,44761.5,36392.07,19002.78,44761.5,36392.07,19002.78
59,1991-08-01,12582,11542,11542,1,1,1,1.91,2.46,2.46,24031.62,28393.32,28393.32,10270.0,12975.0,13163.0,11083.0,19894.0,16467.0,11083.0,19894.0,16467.0,2.11,2.11,2.3,1.98,2.25,2.21,1.98,2.25,2.21,21669.7,27377.25,30274.9,21944.34,44761.5,36392.07,21944.34,44761.5,36392.07
60,1991-08-08,18375,11329,11329,1,1,1,2.25,2.35,2.35,41343.75,26623.15,26623.15,12582.0,10270.0,12975.0,11542.0,11083.0,19894.0,11542.0,11083.0,19894.0,1.91,2.11,2.11,2.46,1.98,2.25,2.46,1.98,2.25,24031.62,21669.7,27377.25,28393.32,21944.34,44761.5,28393.32,21944.34,44761.5
61,1991-08-15,11935,14819,14819,1,1,1,2.1,2.68,2.68,25063.5,39714.920000000006,39714.920000000006,18375.0,12582.0,10270.0,11329.0,11542.0,11083.0,11329.0,11542.0,11083.0,2.25,1.91,2.11,2.35,2.46,1.98,2.35,2.46,1.98,41343.75,24031.62,21669.7,26623.15,28393.32,21944.34,26623.15,28393.32,21944.34
62,1991-08-22,12964,14827,14827,1,1,1,2.07,2.44,2.44,26835.48,36177.88,36177.88,11935.0,18375.0,12582.0,14819.0,11329.0,11542.0,14819.0,11329.0,11542.0,2.1,2.25,1.91,2.68,2.35,2.46,2.68,2.35,2.46,25063.5,41343.75,24031.62,39714.920000000006,26623.15,28393.32,39714.920000000006,26623.15,28393.32
63,1991-08-29,15746,15901,15901,1,1,1,2.37,2.1,2.1,37318.02,33392.1,33392.1,12964.0,11935.0,18375.0,14827.0,14819.0,11329.0,14827.0,14819.0,11329.0,2.07,2.1,2.25,2.44,2.68,2.35,2.44,2.68,2.35,26835.48,25063.5,41343.75,36177.88,39714.920000000006,26623.15,36177.88,39714.920000000006,26623.15
64,1991-09-05,11215,19053,19053,1,1,1,1.96,2.11,2.11,21981.4,40201.83,40201.83,15746.0,12964.0,11935.0,15901.0,14827.0,14819.0,15901.0,14827.0,14819.0,2.37,2.07,2.1,2.1,2.44,2.68,2.1,2.44,2.68,37318.02,26835.48,25063.5,33392.1,36177.88,39714.920000000006,33392.1,36177.88,39714.920000000006
65,1991-09-12,15282,13561,13561,1,1,1,2.29,2.41,2.41,34995.78,32682.01,32682.01,11215.0,15746.0,12964.0,19053.0,15901.0,14827.0,19053.0,15901.0,14827.0,1.96,2.37,2.07,2.11,2.1,2.44,2.11,2.1,2.44,21981.4,37318.02,26835.48,40201.83,33392.1,36177.88,40201.83,33392.1,36177.88
66,1991-09-19,12822,9127,9127,1,1,1,2.68,2.1,2.1,34362.96,19166.7,19166.7,15282.0,11215.0,15746.0,13561.0,19053.0,15901.0,13561.0,19053.0,15901.0,2.29,1.96,2.37,2.41,2.11,2.1,2.41,2.11,2.1,34995.78,21981.4,37318.02,32682.01,40201.83,33392.1,32682.01,40201.83,33392.1
67,1991-09-26,17638,9813,9813,1,1,1,1.92,2.15,2.15,33864.96,21097.95,21097.95,12822.0,15282.0,11215.0,9127.0,13561.0,19053.0,9127.0,13561.0,19053.0,2.68,2.29,1.96,2.1,2.41,2.11,2.1,2.41,2.11,34362.96,34995.78,21981.4,19166.7,32682.01,40201.83,19166.7,32682.01,40201.83
68,1991-10-03,19187,19425,19425,1,1,1,2.49,2.42,2.42,47775.630000000005,47008.5,47008.5,17638.0,12822.0,15282.0,9813.0,9127.0,13561.0,9813.0,9127.0,13561.0,1.92,2.68,2.29,2.15,2.1,2.41,2.15,2.1,2.41,33864.96,34362.96,34995.78,21097.95,19166.7,32682.01,21097.95,19166.7,32682.01
69,1991-10-10,10576,9580,9580,1,1,1,2.59,2.06,2.06,27391.84,19734.8,19734.8,19187.0,17638.0,12822.0,19425.0,9813.0,9127.0,19425.0,9813.0,9127.0,2.49,1.92,2.68,2.42,2.15,2.1,2.42,2.15,2.1,47775.630000000005,33864.96,34362.96,47008.5,21097.95,19166.7,47008.5,21097.95,19166.7
70,1991-10-17,11277,13389,13389,1,1,1,2.26,2.28,2.28,25486.02,30526.92,30526.92,10576.0,19187.0,17638.0,9580.0,19425.0,9813.0,9580.0,19425.0,9813.0,2.59,2.49,1.92,2.06,2.42,2.15,2.06,2.42,2.15,27391.84,47775.630000000005,33864.96,19734.8,47008.5,21097.95,19734.8,47008.5,21097.95
71,1991-10-24,16909,13512,13512,1,1,1,2.66,2.16,2.16,44977.94,29185.92,29185.92,11277.0,10576.0,19187.0,13389.0,9580.0,19425.0,13389.0,9580.0,19425.0,2.26,2.59,2.49,2.28,2.06,2.42,2.28,2.06,2.42,25486.02,27391.84,47775.630000000005,30526.92,19734.8,47008.5,30526.92,19734.8,47008.5
72,1991-10-31,10760,11280,11280,1,1,1,2.11,2.48,2.48,22703.6,27974.4,27974.4,16909.0,11277.0,10576.0,13512.0,13389.0,9580.0,13512.0,13389.0,9580.0,2.66,2.26,2.59,2.16,2.28,2.06,2.16,2.28,2.06,44977.94,25486.02,27391.84,29185.92,30526.92,19734.8,29185.92,30526.92,19734.8
73,1991-11-07,16246,16852,16852,1,1,1,2.53,2.27,2.27,41102.38,38254.04,38254.04,10760.0,16909.0,11277.0,11280.0,13512.0,13389.0,11280.0,13512.0,13389.0,2.11,2.66,2.26,2.48,2.16,2.28,2.48,2.16,2.28,22703.6,44977.94,25486.02,27974.4,29185.92,30526.92,27974.4,29185.92,30526.92
74,1991-11-14,15698,18254,18254,1,1,1,2.18,1.91,1.91,34221.64,34865.14,34865.14,16246.0,10760.0,16909.0,16852.0,11280.0,13512.0,16852.0,11280.0,13512.0,2.53,2.11,2.66,2.27,2.48,2.16,2.27,2.48,2.16,41102.38,22703.6,44977.94,38254.04,27974.4,29185.92,38254.04,27974.4,29185.92
75,1991-11-21,10016,11093,11093,1,1,1,2.64,2.22,2.22,26442.24,24626.460000000003,24626.460000000003,15698.0,16246.0,10760.0,18254.0,16852.0,11280.0,18254.0,16852.0,11280.0,2.18,2.53,2.11,1.91,2.27,2.48,1.91,2.27,2.48,34221.64,41102.38,22703.6,34865.14,38254.04,27974.4,34865.14,38254.04,27974.4
76,1991-11-28,17909,11909,11909,1,1,1,2.25,2.07,2.07,40295.25,24651.63,24651.63,10016.0,15698.0,16246.0,11093.0,18254.0,16852.0,11093.0,18254.0,16852.0,2.64,2.18,2.53,2.22,1.91,2.27,2.22,1.91,2.27,26442.24,34221.64,41102.38,24626.460000000003,34865.14,38254.04,24626.460000000003,34865.14,38254.04
77,1991-12-05,16368,16269,16269,1,1,1,2.12,2.47,2.47,34700.16,40184.43,40184.43,17909.0,10016.0,15698.0,11909.0,11093.0,18254.0,11909.0,11093.0,18254.0,2.25,2.64,2.18,2.07,2.22,1.91,2.07,2.22,1.91,40295.25,26442.24,34221.64,24651.63,24626.460000000003,34865.14,24651.63,24626.460000000003,34865.14
78,1991-12-12,13133,10735,10735,1,1,1,2.0,2.29,2.29,26266.0,24583.15,24583.15,16368.0,17909.0,10016.0,16269.0,11909.0,11093.0,16269.0,11909.0,11093.0,2.12,2.25,2.64,2.47,2.07,2.22,2.47,2.07,2.22,34700.16,40295.25,26442.24,40184.43,24651.63,24626.460000000003,40184.43,24651.63,24626.460000000003
79,1991-12-19,14019,10671,10671,1,1,1,2.25,2.4,2.4,31542.75,25610.4,25610.4,13133.0,16368.0,17909.0,10735.0,16269.0,11909.0,10735.0,16269.0,11909.0,2.0,2.12,2.25,2.29,2.47,2.07,2.29,2.47,2.07,26266.0,34700.16,40295.25,24583.15,40184.43,24651.63,24583.15,40184.43,24651.63
80,1991-12-26,10252,16915,16915,1,1,1,2.42,2.03,2.03,24809.84,34337.45,34337.45,14019.0,13133.0,16368.0,10671.0,10735.0,16269.0,10671.0,10735.0,16269.0,2.25,2.0,2.12,2.4,2.29,2.47,2.4,2.29,2.47,31542.75,26266.0,34700.16,25610.4,24583.15,40184.43,25610.4,24583.15,40184.43
81,1992-01-02,14028,19575,19575,1,1,1,2.05,2.47,2.47,28757.4,48350.25000000001,48350.25000000001,10252.0,14019.0,13133.0,16915.0,10671.0,10735.0,16915.0,10671.0,10735.0,2.42,2.25,2.0,2.03,2.4,2.29,2.03,2.4,2.29,24809.84,31542.75,26266.0,34337.45,25610.4,24583.15,34337.45,25610.4,24583.15
82,1992-01-09,19823,15852,15852,1,1,1,2.24,1.92,1.92,44403.52,30435.84,30435.84,14028.0,10252.0,14019.0,19575.0,16915.0,10671.0,19575.0,16915.0,10671.0,2.05,2.42,2.25,2.47,2.03,2.4,2.47,2.03,2.4,28757.4,24809.84,31542.75,48350.25000000001,34337.45,25610.4,48350.25000000001,34337.45,25610.4
83,1992-01-16,9248,9905,9905,1,1,1,2.26,2.24,2.24,20900.48,22187.2,22187.2,19823.0,14028.0,10252.0,15852.0,19575.0,16915.0,15852.0,19575.0,16915.0,2.24,2.05,2.42,1.92,2.47,2.03,1.92,2.47,2.03,44403.52,28757.4,24809.84,30435.84,48350.25000000001,34337.45,30435.84,48350.25000000001,34337.45
84,1992-01-23,19523,16363,16363,1,1,1,2.23,2.25,2.25,43536.29,36816.75,36816.75,9248.0,19823.0,14028.0,9905.0,15852.0,19575.0,9905.0,15852.0,19575.0,2.26,2.24,2.05,2.24,1.92,2.47,2.24,1.92,2.47,20900.48,44403.52,28757.4,22187.2,30435.84,48350.25000000001,22187.2,30435.84,48350.25000000001
85,1992-01-30,9270,10484,10484,1,1,1,2.11,2.39,2.39,19559.7,25056.76,25056.76,19523.0,9248.0,19823.0,16363.0,9905.0,15852.0,16363.0,9905.0,15852.0,2.23,2.26,2.24,2.25,2.24,1.92,2.25,2.24,1.92,43536.29,20900.48,44403.52,36816.75,22187.2,30435.84,36816.75,22187.2,30435.84
86,1992-02-06,10254,13007,13007,1,1,1,2.57,2.5,2.5,26352.78,32517.5,32517.5,9270.0,19523.0,9248.0,10484.0,16363.0,9905.0,10484.0,16363.0,9905.0,2.11,2.23,2.26,2.39,2.25,2.24,2.39,2.25,2.24,19559.7,43536.29,20900.48,25056.76,36816.75,22187.2,25056.76,36816.75,22187.2
87,1992-02-13,19223,16773,16773,1,1,1,2.07,2.48,2.48,39791.60999999999,41597.04,41597.04,10254.0,9270.0,19523.0,13007.0,10484.0,16363.0,13007.0,10484.0,16363.0,2.57,2.11,2.23,2.5,2.39,2.25,2.5,2.39,2.25,26352.78,19559.7,43536.29,32517.5,25056.76,36816.75,32517.5,25056.76,36816.75
88,1992-02-20,11534,14571,14571,1,1,1,2.39,2.56,2.56,27566.26,37301.76,37301.76,19223.0,10254.0,9270.0,16773.0,13007.0,10484.0,16773.0,13007.0,10484.0,2.07,2.57,2.11,2.48,2.5,2.39,2.48,2.5,2.39,39791.60999999999,26352.78,19559.7,41597.04,32517.5,25056.76,41597.04,32517.5,25056.76
89,1992-02-27,14373,10569,10569,1,1,1,2.53,2.59,2.59,36363.69,27373.71,27373.71,11534.0,19223.0,10254.0,14571.0,16773.0,13007.0,14571.0,16773.0,13007.0,2.39,2.07,2.57,2.56,2.48,2.5,2.56,2.48,2.5,27566.26,39791.60999999999,26352.78,37301.76,41597.04,32517.5,37301.76,41597.04,32517.5
90,1992-03-05,17624,13730,13730,1,1,1,2.53,2.29,2.29,44588.72,31441.7,31441.7,14373.0,11534.0,19223.0,10569.0,14571.0,16773.0,10569.0,14571.0,16773.0,2.53,2.39,2.07,2.59,2.56,2.48,2.59,2.56,2.48,36363.69,27566.26,39791.60999999999,27373.71,37301.76,41597.04,27373.71,37301.76,41597.04
91,1992-03-12,19000,15134,15134,1,1,1,2.14,2.66,2.66,40660.0,40256.44,40256.44,17624.0,14373.0,11534.0,13730.0,10569.0,14571.0,13730.0,10569.0,14571.0,2.53,2.53,2.39,2.29,2.59,2.56,2.29,2.59,2.56,44588.72,36363.69,27566.26,31441.7,27373.71,37301.76,31441.7,27373.71,37301.76
92,1992-03-19,15262,19034,19034,1,1,1,2.56,2.48,2.48,39070.72,47204.32,47204.32,19000.0,17624.0,14373.0,15134.0,13730.0,10569.0,15134.0,13730.0,10569.0,2.14,2.53,2.53,2.66,2.29,2.59,2.66,2.29,2.59,40660.0,44588.72,36363.69,40256.44,31441.7,27373.71,40256.44,31441.7,27373.71
93,1992-03-26,17371,13551,13551,1,1,1,2.15,2.17,2.17,37347.65,29405.67,29405.67,15262.0,19000.0,17624.0,19034.0,15134.0,13730.0,19034.0,15134.0,13730.0,2.56,2.14,2.53,2.48,2.66,2.29,2.48,2.66,2.29,39070.72,40660.0,44588.72,47204.32,40256.44,31441.7,47204.32,40256.44,31441.7
94,1992-04-02,18893,15683,15683,1,1,1,1.97,2.36,2.36,37219.21,37011.88,37011.88,17371.0,15262.0,19000.0,13551.0,19034.0,15134.0,13551.0,19034.0,15134.0,2.15,2.56,2.14,2.17,2.48,2.66,2.17,2.48,2.66,37347.65,39070.72,40660.0,29405.67,47204.32,40256.44,29405.67,47204.32,40256.44
95,1992-04-09,19134,13561,13561,1,1,1,2.54,2.02,2.02,48600.36,27393.22,27393.22,18893.0,17371.0,15262.0,15683.0,13551.0,19034.0,15683.0,13551.0,19034.0,1.97,2.15,2.56,2.36,2.17,2.48,2.36,2.17,2.48,37219.21,37347.65,39070.72,37011.88,29405.67,47204.32,37011.88,29405.67,47204.32
96,1992-04-16,19023,12588,12588,1,1,1,2.15,2.61,2.61,40899.45,32854.68,32854.68,19134.0,18893.0,17371.0,13561.0,15683.0,13551.0,13561.0,15683.0,13551.0,2.54,1.97,2.15,2.02,2.36,2.17,2.02,2.36,2.17,48600.36,37219.21,37347.65,27393.22,37011.88,29405.67,27393.22,37011.88,29405.67
97,1992-04-23,11139,9342,9342,1,1,1,2.57,2.22,2.22,28627.23,20739.24,20739.24,19023.0,19134.0,18893.0,12588.0,13561.0,15683.0,12588.0,13561.0,15683.0,2.15,2.54,1.97,2.61,2.02,2.36,2.61,2.02,2.36,40899.45,48600.36,37219.21,32854.68,27393.22,37011.88,32854.68,27393.22,37011.88
98,1992-04-30,19980,15384,15384,1,1,1,2.47,1.93,1.93,49350.600000000006,29691.12,29691.12,11139.0,19023.0,19134.0,9342.0,12588.0,13561.0,9342.0,12588.0,13561.0,2.57,2.15,2.54,2.22,2.61,2.02,2.22,2.61,2.02,28627.23,40899.45,48600.36,20739.24,32854.68,27393.22,20739.24,32854.68,27393.22
99,1992-05-07,11773,15871,15871,1,1,1,1.98,2.28,2.28,23310.54,36185.88,36185.88,19980.0,11139.0,19023.0,15384.0,9342.0,12588.0,15384.0,9342.0,12588.0,2.47,2.57,2.15,1.93,2.22,2.61,1.93,2.22,2.61,49350.600000000006,28627.23,40899.45,29691.12,20739.24,32854.68,29691.12,20739.24,32854.68
100,1992-05-14,17077,14472,14472,1,1,1,2.19,2.48,2.48,37398.63,35890.56,35890.56,11773.0,19980.0,11139.0,15871.0,15384.0,9342.0,15871.0,15384.0,9342.0,1.98,2.47,2.57,2.28,1.93,2.22,2.28,1.93,2.22,23310.54,49350.600000000006,28627.23,36185.88,29691.12,20739.24,36185.88,29691.12,20739.24
101,1992-05-21,10912,11495,11495,1,1,1,2.06,2.04,2.04,22478.72,23449.8,23449.8,17077.0,11773.0,19980.0,14472.0,15871.0,15384.0,14472.0,15871.0,15384.0,2.19,1.98,2.47,2.48,2.28,1.93,2.48,2.28,1.93,37398.63,23310.54,49350.600000000006,35890.56,36185.88,29691.12,35890.56,36185.88,29691.12
102,1992-05-28,9866,15876,15876,1,1,1,2.18,1.9,1.9,21507.88,30164.4,30164.4,10912.0,17077.0,11773.0,11495.0,14472.0,15871.0,11495.0,14472.0,15871.0,2.06,2.19,1.98,2.04,2.48,2.28,2.04,2.48,2.28,22478.72,37398.63,23310.54,23449.8,35890.56,36185.88,23449.8,35890.56,36185.88
103,1992-06-04,11050,19857,19857,1,1,1,1.94,2.48,2.48,21437.0,49245.36,49245.36,9866.0,10912.0,17077.0,15876.0,11495.0,14472.0,15876.0,11495.0,14472.0,2.18,2.06,2.19,1.9,2.04,2.48,1.9,2.04,2.48,21507.88,22478.72,37398.63,30164.4,23449.8,35890.56,30164.4,23449.8,35890.56
104,1992-06-11,17071,16763,16763,1,1,1,2.52,2.06,2.06,43018.92,34531.78,34531.78,11050.0,9866.0,10912.0,19857.0,15876.0,11495.0,19857.0,15876.0,11495.0,1.94,2.18,2.06,2.48,1.9,2.04,2.48,1.9,2.04,21437.0,21507.88,22478.72,49245.36,30164.4,23449.8,49245.36,30164.4,23449.8
105,1992-06-18,15472,12326,12326,1,1,1,2.0,2.56,2.56,30944.0,31554.56,31554.56,17071.0,11050.0,9866.0,16763.0,19857.0,15876.0,16763.0,19857.0,15876.0,2.52,1.94,2.18,2.06,2.48,1.9,2.06,2.48,1.9,43018.92,21437.0,21507.88,34531.78,49245.36,30164.4,34531.78,49245.36,30164.4
106,1992-06-25,12807,10303,10303,1,1,1,1.98,2.44,2.44,25357.86,25139.32,25139.32,15472.0,17071.0,11050.0,12326.0,16763.0,19857.0,12326.0,16763.0,19857.0,2.0,2.52,1.94,2.56,2.06,2.48,2.56,2.06,2.48,30944.0,43018.92,21437.0,31554.56,34531.78,49245.36,31554.56,34531.78,49245.36
107,1992-07-02,12782,16092,16092,1,1,1,2.18,1.94,1.94,27864.76,31218.48,31218.48,12807.0,15472.0,17071.0,10303.0,12326.0,16763.0,10303.0,12326.0,16763.0,1.98,2.0,2.52,2.44,2.56,2.06,2.44,2.56,2.06,25357.86,30944.0,43018.92,25139.32,31554.56,34531.78,25139.32,31554.56,34531.78
108,1992-07-09,11395,19896,19896,1,1,1,2.43,2.04,2.04,27689.85,40587.84,40587.84,12782.0,12807.0,15472.0,16092.0,10303.0,12326.0,16092.0,10303.0,12326.0,2.18,1.98,2.0,1.94,2.44,2.56,1.94,2.44,2.56,27864.76,25357.86,30944.0,31218.48,25139.32,31554.56,31218.48,25139.32,31554.56
109,1992-07-16,10108,13260,13260,1,1,1,1.92,2.0,2.0,19407.36,26520.0,26520.0,11395.0,12782.0,12807.0,19896.0,16092.0,10303.0,19896.0,16092.0,10303.0,2.43,2.18,1.98,2.04,1.94,2.44,2.04,1.94,2.44,27689.85,27864.76,25357.86,40587.84,31218.48,25139.32,40587.84,31218.48,25139.32
110,1992-07-23,13583,12687,12687,1,1,1,1.93,2.61,2.61,26215.19,33113.07,33113.07,10108.0,11395.0,12782.0,13260.0,19896.0,16092.0,13260.0,19896.0,16092.0,1.92,2.43,2.18,2.0,2.04,1.94,2.0,2.04,1.94,19407.36,27689.85,27864.76,26520.0,40587.84,31218.48,26520.0,40587.84,31218.48
111,1992-07-30,12867,18690,18690,1,1,1,2.17,2.55,2.55,27921.39,47659.5,47659.5,13583.0,10108.0,11395.0,12687.0,13260.0,19896.0,12687.0,13260.0,19896.0,1.93,1.92,2.43,2.61,2.0,2.04,2.61,2.0,2.04,26215.19,19407.36,27689.85,33113.07,26520.0,40587.84,33113.07,26520.0,40587.84
112,1992-08-06,15025,12582,12582,1,1,1,1.98,2.6,2.6,29749.5,32713.2,32713.2,12867.0,13583.0,10108.0,18690.0,12687.0,13260.0,18690.0,12687.0,13260.0,2.17,1.93,1.92,2.55,2.61,2.0,2.55,2.61,2.0,27921.39,26215.19,19407.36,47659.5,33113.07,26520.0,47659.5,33113.07,26520.0
113,1992-08-13,19059,12162,12162,1,1,1,2.65,1.95,1.95,50506.35,23715.9,23715.9,15025.0,12867.0,13583.0,12582.0,18690.0,12687.0,12582.0,18690.0,12687.0,1.98,2.17,1.93,2.6,2.55,2.61,2.6,2.55,2.61,29749.5,27921.39,26215.19,32713.2,47659.5,33113.07,32713.2,47659.5,33113.07
114,1992-08-20,11825,18506,18506,1,1,1,1.96,2.42,2.42,23177.0,44784.52,44784.52,19059.0,15025.0,12867.0,12162.0,12582.0,18690.0,12162.0,12582.0,18690.0,2.65,1.98,2.17,1.95,2.6,2.55,1.95,2.6,2.55,50506.35,29749.5,27921.39,23715.9,32713.2,47659.5,23715.9,32713.2,47659.5
115,1992-08-27,12767,11084,11084,1,1,1,2.43,1.92,1.92,31023.81,21281.28,21281.28,11825.0,19059.0,15025.0,18506.0,12162.0,12582.0,18506.0,12162.0,12582.0,1.96,2.65,1.98,2.42,1.95,2.6,2.42,1.95,2.6,23177.0,50506.35,29749.5,44784.52,23715.9,32713.2,44784.52,23715.9,32713.2
116,1992-09-03,15526,17191,17191,1,1,1,2.43,2.08,2.08,37728.18,35757.28,35757.28,12767.0,11825.0,19059.0,11084.0,18506.0,12162.0,11084.0,18506.0,12162.0,2.43,1.96,2.65,1.92,2.42,1.95,1.92,2.42,1.95,31023.81,23177.0,50506.35,21281.28,44784.52,23715.9,21281.28,44784.52,23715.9
117,1992-09-10,13112,16884,16884,1,1,1,2.5,1.96,1.96,32780.0,33092.64,33092.64,15526.0,12767.0,11825.0,17191.0,11084.0,18506.0,17191.0,11084.0,18506.0,2.43,2.43,1.96,2.08,1.92,2.42,2.08,1.92,2.42,37728.18,31023.81,23177.0,35757.28,21281.28,44784.52,35757.28,21281.28,44784.52
118,1992-09-17,17214,16204,16204,1,1,1,2.1,2.46,2.46,36149.4,39861.84,39861.84,13112.0,15526.0,12767.0,16884.0,17191.0,11084.0,16884.0,17191.0,11084.0,2.5,2.43,2.43,1.96,2.08,1.92,1.96,2.08,1.92,32780.0,37728.18,31023.81,33092.64,35757.28,21281.28,33092.64,35757.28,21281.28
119,1992-09-24,11032,13633,13633,1,1,1,2.02,1.97,1.97,22284.64,26857.01,26857.01,17214.0,13112.0,15526.0,16204.0,16884.0,17191.0,16204.0,16884.0,17191.0,2.1,2.5,2.43,2.46,1.96,2.08,2.46,1.96,2.08,36149.4,32780.0,37728.18,39861.84,33092.64,35757.28,39861.84,33092.64,35757.28
120,1992-10-01,9164,19680,19680,1,1,1,1.98,2.43,2.43,18144.72,47822.4,47822.4,11032.0,17214.0,13112.0,13633.0,16204.0,16884.0,13633.0,16204.0,16884.0,2.02,2.1,2.5,1.97,2.46,1.96,1.97,2.46,1.96,22284.64,36149.4,32780.0,26857.01,39861.84,33092.64,26857.01,39861.84,33092.64
